,vm_pu,va_degree,p_mw,q_mvar
1,1.0,0.0,-71.95470158904033,-24.06895776880873
2,0.9999999999999998,9.668741126350904,-163.0,-14.460119512315543
3,1.0,4.771073237031724,-85.0,3.649025547610165
4,0.9870068523941743,-2.4066439195077987,0.0,0.0
5,0.975472177087945,-4.017264326695199,90.0,30.0
6,0.9576210404422361,-4.349933576579439,125.0,50.0
7,0.9856448817387174,0.6215445552521981,100.0,35.0
8,0.9961852458207643,3.799120192484246,0.0,0.0
9,1.0033754364606433,1.9256016867052301,0.0,0.0
