,vm_pu,va_degree,p_mw,q_mvar
0,1.0,0.0,-71.95470158111705,-24.06895774664548
,1.0000000000000002,9.668741127270877,-163.0,-14.460119515851545
2,1.0000000000000002,4.771073237902734,-85.0,3.649025542676725
3,0.9870068524067375,-2.406643919211984,0.0,0.0
4,0.9754721770987567,-4.017264326071876,90.0,30.0
5,1.0033754364577536,1.9256016875710806,0.0,0.0
6,0.9856448817330974,0.6215445561817826,100.0,35.0
7,0.9961852458185345,3.79912019340902,0.0,0.0
8,0.9576210404662128,-4.3499335753741635,125.0,50.0
